{
    "Precision@10": 0.375,
    "Recall": 0.7290896537097666,
    "MRR": 0.7442327024857468,
    "MAP": 0.214050689581355
}