{
    "Precision@10": 0.375,
    "Recall@10": 0.12734315332180657,
    "MRR@10": 0.7397678571428571,
    "MAP@10": 0.09971722069578166
}