{
    "Precision@10": 0.5285,
    "Recall": 0.8887280046517292,
    "MRR": 0.8501625503176694,
    "MAP": 0.2746613057285982
}