{
    "Model": "Hybrid (BM25 + BERT) on antique",
    "Precision@10": 0.518,
    "Recall": 0.4395285374071864,
    "MRR": 0.8814573412698411,
    "MAP": 0.2538488415227853
}