{
    "Precision@10": 0.46299999999999997,
    "Recall": 1.0,
    "MRR": 0.849043443832651,
    "MAP": 0.2313430608573401
}