{
    "Precision@10": 0.36950000000000005,
    "Recall": 0.4275720912778682,
    "MRR": 0.7809094875521052,
    "MAP": 0.15528251276298669
}