{
    "Model": "Hybrid (BM25 + BERT) on quora",
    "Precision@10": 0.12830000000000003,
    "Recall": 0.9479564201255382,
    "MRR": 0.8599754310938497,
    "MAP": 0.8266121846432352
}