{
    "Precision@10": 0.11171000000000002,
    "Recall": 0.9991796195949644,
    "MRR": 0.7349288106055097,
    "MAP": 0.6940360899823692
}