{
    "Precision@10": 0.13284000000000004,
    "Recall": 1.0,
    "MRR": 0.864389511273902,
    "MAP": 0.8379024813483542
}