{
    "Precision@10": 0.10002,
    "Recall": 0.8894370044721476,
    "MRR": 0.6651707212662148,
    "MAP": 0.6256706368360304
}