{
    "Precision@10": 0.10907000000000003,
    "Recall": 0.9982122865443275,
    "MRR": 0.707136106584488,
    "MAP": 0.6711942424974073
}