{
    "Precision@10": 0.13285000000000005,
    "Recall": 1.0,
    "MRR": 0.8645416108410015,
    "MAP": 0.8381558235220751
}